brand,model,year,fuel,mileage_km,transmission,fiscal_power,engine_cc,body_style,car_condition,trim_level,seats,doors,condition,price,recorded_at,seats_num,doors_num,engine_cc_num,mileage_num,car_age,mileage_per_year
renault,kwid,2026.0,gasoline,0,manual,4cv,1000,crossover,good,standard,5 seats,4 doors,new,30000.0,2026-03,5.0,4.0,1000.0,0.0,0.0,
renault,clio 5,2026.0,gasoline,0,manual,5cv,1000,hatchback,good,standard,5 seats,4 doors,new,67000.0,2026-03,5.0,4.0,1000.0,0.0,0.0,
renault,clio 5,2026.0,gasoline,0,automatic,6cv,1000,hatchback,good,standard,5 seats,4 doors,new,82400.0,2026-03,5.0,4.0,1000.0,0.0,0.0,
renault,megane 4,2026.0,gasoline,0,manual,7cv,1300,hatchback,good,standard,5 seats,4 doors,new,95000.0,2026-03,5.0,4.0,1300.0,0.0,0.0,
renault,megane 4,2026.0,gasoline,0,manual,7cv,1300,sedan,good,standard,5 seats,4 doors,new,100000.0,2026-03,5.0,4.0,1300.0,0.0,0.0,
renault,austral,2026.0,gasoline,0,automatic,8cv,1300,suv 4x2,good,standard,5 seats,4 doors,new,135000.0,2026-03,5.0,4.0,1300.0,0.0,0.0,
renault,express,2026.0,diesel,0,manual,5cv,1500,light commercial,good,standard,5 seats,4 doors,new,60000.0,2026-03,5.0,4.0,1500.0,0.0,0.0,
renault,express combi,2026.0,diesel,0,manual,5cv,1500,mpv,good,standard,5 seats,4 doors,new,88000.0,2026-03,5.0,4.0,1500.0,0.0,0.0,
renault,master,2026.0,diesel,0,manual,8cv,2300,heavy commercial,good,standard,5 seats,4 doors,new,84000.0,2026-03,5.0,4.0,2300.0,0.0,0.0,
volkswagen,polo 8,2026.0,gasoline,0,manual,5cv,1000,hatchback,good,standard,5 seats,4 doors,new,86000.0,2026-03,5.0,4.0,1000.0,0.0,0.0,
volkswagen,virtus,2026.0,gasoline,0,manual,6cv,1000,sedan,good,standard,5 seats,4 doors,new,68000.0,2026-03,5.0,4.0,1000.0,0.0,0.0,
volkswagen,virtus,2026.0,gasoline,0,manual,7cv,1000,sedan,good,standard,5 seats,4 doors,new,78000.0,2026-03,5.0,4.0,1000.0,0.0,0.0,
volkswagen,t-cross,2026.0,gasoline,0,manual,6cv,1000,crossover,good,standard,5 seats,4 doors,new,75000.0,2026-03,5.0,4.0,1000.0,0.0,0.0,
volkswagen,t-cross,2026.0,gasoline,0,automatic,7cv,1000,crossover,good,standard,5 seats,4 doors,new,89000.0,2026-03,5.0,4.0,1000.0,0.0,0.0,
volkswagen,tiguan,2026.0,gasoline,0,automatic,8cv,1400,suv 4x2,good,standard,5 seats,4 doors,new,155000.0,2026-03,5.0,4.0,1400.0,0.0,0.0,
volkswagen,tiguan,2026.0,gasoline,0,automatic,8cv,1400,suv 4x2,good,r line,5 seats,4 doors,new,197000.0,2026-03,5.0,4.0,1400.0,0.0,0.0,
volkswagen,caddy,2026.0,diesel,0,manual,7cv,2000,light commercial,good,standard,5 seats,4 doors,new,85000.0,2026-03,5.0,4.0,2000.0,0.0,0.0,
volkswagen,crafter,2026.0,diesel,0,manual,7cv,2000,heavy commercial,good,standard,5 seats,4 doors,new,125000.0,2026-03,5.0,4.0,2000.0,0.0,0.0,
peugeot,208,2026.0,gasoline,0,manual,5cv,1200,hatchback,good,standard,5 seats,4 doors,new,69000.0,2026-03,5.0,4.0,1200.0,0.0,0.0,
peugeot,2008,2026.0,gasoline,0,automatic,7cv,1200,crossover,good,standard,5 seats,4 doors,new,89400.0,2026-03,5.0,4.0,1200.0,0.0,0.0,
peugeot,rifter,2026.0,diesel,0,manual,5cv,1600,mpv,good,standard,5 seats,4 doors,new,104900.0,2026-03,5.0,4.0,1600.0,0.0,0.0,
peugeot,408,2026.0,gasoline,0,automatic,13cv,1600,crossover,good,standard,5 seats,4 doors,new,140000.0,2026-03,5.0,4.0,1600.0,0.0,0.0,
peugeot,expert,2026.0,diesel,0,manual,8cv,2000,mpv,good,standard,9 seats,4 doors,new,150000.0,2026-03,9.0,4.0,2000.0,0.0,0.0,
peugeot,landtrek,2026.0,diesel,0,manual,6cv,1900,pickup 4x2,good,standard,2 seats,2 doors,new,74000.0,2026-03,2.0,2.0,1900.0,0.0,0.0,
peugeot,landtrek,2026.0,diesel,0,manual,6cv,1900,pickup 4x2,good,standard,5 seats,4 doors,new,88000.0,2026-03,5.0,4.0,1900.0,0.0,0.0,
peugeot,landtrek,2026.0,diesel,0,manual,8cv,1900,pickup 4x4,good,standard,5 seats,4 doors,new,107000.0,2026-03,5.0,4.0,1900.0,0.0,0.0,
peugeot,partner,2026.0,diesel,0,manual,5cv,1600,light commercial,good,standard,2 seats,4 doors,new,64000.0,2026-03,2.0,4.0,1600.0,0.0,0.0,
peugeot,expert,2026.0,diesel,0,manual,9cv,2000,heavy commercial,good,standard,3 seats,4 doors,new,88000.0,2026-03,3.0,4.0,2000.0,0.0,0.0,
peugeot,boxer,2026.0,diesel,0,manual,7cv,2200,heavy commercial,good,standard,3 seats,4 doors,new,97000.0,2026-03,3.0,4.0,2200.0,0.0,0.0,
peugeot,boxer,2026.0,diesel,0,manual,7cv,2200,heavy commercial,good,standard,7 seats,4 doors,new,114000.0,2026-03,7.0,4.0,2200.0,0.0,0.0,
peugeot,expert traveller,2026.0,diesel,0,manual,8cv,2000,mpv,good,standard,9 seats,4 doors,new,168000.0,2026-03,9.0,4.0,2000.0,0.0,0.0,
citroen,c3,2026.0,gasoline,0,manual,4cv,1200,hatchback,good,standard,5 seats,4 doors,new,35000.0,2026-03,5.0,4.0,1200.0,0.0,0.0,
citroen,c4 x,2026.0,gasoline,0,manual,7cv,1200,crossover,good,standard,5 seats,4 doors,new,90000.0,2026-03,5.0,4.0,1200.0,0.0,0.0,
citroen,berlingo,2026.0,diesel,0,manual,5cv,1600,mpv,good,standard,5 seats,4 doors,new,97000.0,2026-03,5.0,4.0,1600.0,0.0,0.0,
citroen,jumpy,2026.0,diesel,0,manual,8cv,2000,mpv,good,standard,9 seats,4 doors,new,150000.0,2026-03,9.0,4.0,2000.0,0.0,0.0,
citroen,berlingo,2026.0,diesel,0,manual,5cv,1600,light commercial,good,standard,3 seats,4 doors,new,67000.0,2026-03,3.0,4.0,1600.0,0.0,0.0,
citroen,jumpy,2026.0,diesel,0,manual,8cv,2000,heavy commercial,good,standard,3 seats,4 doors,new,88000.0,2026-03,3.0,4.0,2000.0,0.0,0.0,
citroen,jumper,2026.0,diesel,0,manual,7cv,2200,heavy commercial,good,standard,5 seats,4 doors,new,99000.0,2026-03,5.0,4.0,2200.0,0.0,0.0,
toyota,yaris,2026.0,hybrid,0,automatic,4cv,1500,hatchback,good,standard,5 seats,4 doors,new,84000.0,2026-03,5.0,4.0,1500.0,0.0,0.0,
toyota,yaris cross,2026.0,hybrid,0,automatic,5cv,1500,crossover,good,standard,5 seats,4 doors,new,112000.0,2026-03,5.0,4.0,1500.0,0.0,0.0,
toyota,rav4,2026.0,hybrid,0,automatic,9cv,2500,suv 4x4,good,standard,5 seats,4 doors,new,184000.0,2026-03,5.0,4.0,2500.0,0.0,0.0,
toyota,fortuner,2026.0,diesel,0,automatic,8cv,2400,suv 4x4,good,standard,5 seats,4 doors,new,270000.0,2026-03,5.0,4.0,2400.0,0.0,0.0,
toyota,prado,2026.0,diesel,0,automatic,11cv,2800,suv 4x4,good,standard,5 seats,4 doors,new,324000.0,2026-03,5.0,4.0,2800.0,0.0,0.0,
toyota,land cruiser 300,2026.0,diesel,0,automatic,32cv,3500,suv 4x4,good,standard,5 seats,4 doors,new,530000.0,2026-03,5.0,4.0,3500.0,0.0,0.0,
toyota,hilux,2026.0,diesel,0,manual,8cv,2400,pickup 4x2,good,standard,2 seats,2 doors,new,124000.0,2026-03,2.0,2.0,2400.0,0.0,0.0,
toyota,hilux,2026.0,diesel,0,automatic,8cv,2400,pickup 4x4,good,standard,5 seats,4 doors,new,190000.0,2026-03,5.0,4.0,2400.0,0.0,0.0,
toyota,hilux,2026.0,diesel,0,manual,8cv,2400,pickup 4x2,good,standard,5 seats,4 doors,new,160000.0,2026-03,5.0,4.0,2400.0,0.0,0.0,
toyota,hiace,2026.0,diesel,0,manual,10cv,3000,heavy commercial,good,standard,5 seats,4 doors,new,83000.0,2026-03,5.0,4.0,3000.0,0.0,0.0,
toyota,hiace,2026.0,diesel,0,manual,10cv,3000,mpv,good,standard,5 seats,4 doors,new,90000.0,2026-03,5.0,4.0,3000.0,0.0,0.0,
kia,picanto,2026.0,gasoline,0,manual,4cv,1000,hatchback,good,standard,5 seats,4 doors,new,32000.0,2026-03,5.0,4.0,1000.0,0.0,0.0,
kia,picanto,2026.0,gasoline,0,manual,5cv,1200,hatchback,good,standard,5 seats,4 doors,new,52000.0,2026-03,5.0,4.0,1200.0,0.0,0.0,
kia,picanto,2026.0,gasoline,0,automatic,5cv,1200,hatchback,good,standard,5 seats,4 doors,new,60000.0,2026-03,5.0,4.0,1200.0,0.0,0.0,
kia,sonet,2026.0,gasoline,0,manual,6cv,1500,suv 4x2,good,standard,5 seats,4 doors,new,88000.0,2026-03,5.0,4.0,1500.0,0.0,0.0,
kia,sonet,2026.0,gasoline,0,automatic,6cv,1500,suv 4x4,good,standard,5 seats,4 doors,new,100000.0,2026-03,5.0,4.0,1500.0,0.0,0.0,
kia,seltos,2026.0,gasoline,0,automatic,8cv,1400,suv 4x4,good,standard,5 seats,4 doors,new,118000.0,2026-03,5.0,4.0,1400.0,0.0,0.0,
kia,niro,2026.0,hybrid,0,automatic,5cv,1600,crossover,good,standard,5 seats,4 doors,new,127000.0,2026-03,5.0,4.0,1600.0,0.0,0.0,
kia,sportage,2026.0,gasoline,0,automatic,10cv,1600,suv 4x4,good,standard,5 seats,4 doors,new,140000.0,2026-03,5.0,4.0,1600.0,0.0,0.0,
kia,sportage,2026.0,hybrid,0,automatic,10cv,1600,suv 4x2,good,standard,5 seats,4 doors,new,175000.0,2026-03,5.0,4.0,1600.0,0.0,0.0,
kia,sportage,2026.0,hybrid,0,automatic,10cv,1600,suv 4x4,good,standard,5 seats,4 doors,new,190000.0,2026-03,5.0,4.0,1600.0,0.0,0.0,
kia,ev3,2026.0,electric,0,automatic,4cv,unknown,suv 4x2,good,standard,5 seats,4 doors,new,105000.0,2026-03,5.0,4.0,,0.0,0.0,
kia,sorento,2026.0,hybrid,0,automatic,10cv,1600,suv 4x4,good,standard,5 seats,4 doors,new,245000.0,2026-03,5.0,4.0,1600.0,0.0,0.0,
hyundai,i10,2026.0,gasoline,0,manual,4cv,1000,hatchback,good,standard,5 seats,4 doors,new,32000.0,2026-03,5.0,4.0,1000.0,0.0,0.0,
hyundai,i10,2026.0,gasoline,0,manual,5cv,1200,hatchback,good,standard,5 seats,4 doors,new,52000.0,2026-03,5.0,4.0,1200.0,0.0,0.0,
hyundai,i10,2026.0,gasoline,0,automatic,5cv,1200,hatchback,good,standard,5 seats,4 doors,new,60000.0,2026-03,5.0,4.0,1200.0,0.0,0.0,
hyundai,i10,2026.0,gasoline,0,manual,5cv,1200,sedan,good,standard,5 seats,4 doors,new,57000.0,2026-03,5.0,4.0,1200.0,0.0,0.0,
hyundai,i20,2026.0,gasoline,0,manual,5cv,1200,hatchback,good,standard,5 seats,4 doors,new,67000.0,2026-03,5.0,4.0,1200.0,0.0,0.0,
hyundai,i20,2026.0,gasoline,0,automatic,5cv,1200,hatchback,good,standard,5 seats,4 doors,new,84000.0,2026-03,5.0,4.0,1200.0,0.0,0.0,
hyundai,bayon,2026.0,gasoline,0,manual,5cv,1200,crossover,good,standard,5 seats,4 doors,new,80000.0,2026-03,5.0,4.0,1200.0,0.0,0.0,
hyundai,venue,2026.0,gasoline,0,automatic,7cv,1000,suv 4x2,good,standard,5 seats,4 doors,new,90000.0,2026-03,5.0,4.0,1000.0,0.0,0.0,
hyundai,i30 fastback,2026.0,gasoline,0,automatic,6cv,1000,sedan,good,standard,5 seats,4 doors,new,95000.0,2026-03,5.0,4.0,1000.0,0.0,0.0,
hyundai,creta,2026.0,gasoline,0,automatic,6cv,1500,suv 4x2,good,standard,5 seats,4 doors,new,119000.0,2026-03,5.0,4.0,1500.0,0.0,0.0,
hyundai,kona,2026.0,gasoline,0,automatic,11cv,1600,suv 4x4,good,standard,5 seats,4 doors,new,137000.0,2026-03,5.0,4.0,1600.0,0.0,0.0,
hyundai,kona,2026.0,electric,0,automatic,3cv,unknown,suv 4x2,good,standard,5 seats,4 doors,new,124000.0,2026-03,5.0,4.0,,0.0,0.0,
hyundai,tucson,2026.0,gasoline,0,automatic,10cv,1600,suv 4x4,good,standard,5 seats,4 doors,new,170000.0,2026-03,5.0,4.0,1600.0,0.0,0.0,
hyundai,tucson,2026.0,hybrid,0,automatic,9cv,1600,suv 4x2,good,standard,5 seats,4 doors,new,160000.0,2026-03,5.0,4.0,1600.0,0.0,0.0,
bmw,serie 1,2026.0,gasoline,0,automatic,8cv,1500,hatchback,good,standard,5 seats,4 doors,new,145000.0,2026-03,5.0,4.0,1500.0,0.0,0.0,
bmw,serie 2,2026.0,gasoline,0,automatic,8cv,1500,sedan,good,standard,5 seats,4 doors,new,156000.0,2026-03,5.0,4.0,1500.0,0.0,0.0,
bmw,serie 3,2026.0,gasoline,0,automatic,9cv,1600,sedan,good,standard,5 seats,4 doors,new,195000.0,2026-03,5.0,4.0,1600.0,0.0,0.0,
bmw,serie 3,2026.0,hybrid,0,automatic,10cv,2000,sedan,good,standard,5 seats,4 doors,new,230000.0,2026-03,5.0,4.0,2000.0,0.0,0.0,
bmw,serie 4,2026.0,gasoline,0,automatic,10cv,2000,sedan,good,standard,5 seats,4 doors,new,270000.0,2026-03,5.0,4.0,2000.0,0.0,0.0,
bmw,serie 4,2026.0,gasoline,0,automatic,10cv,2000,coupe,good,standard,5 seats,4 doors,new,335000.0,2026-03,5.0,4.0,2000.0,0.0,0.0,
bmw,serie 5,2026.0,hybrid,0,automatic,10cv,1600,sedan,good,standard,5 seats,4 doors,new,260000.0,2026-03,5.0,4.0,1600.0,0.0,0.0,
bmw,x1,2026.0,gasoline,0,automatic,9cv,1500,suv 4x4,good,standard,5 seats,4 doors,new,170000.0,2026-03,5.0,4.0,1500.0,0.0,0.0,
bmw,x1,2026.0,hybrid,0,automatic,8cv,1500,suv 4x4,good,standard,5 seats,4 doors,new,180000.0,2026-03,5.0,4.0,1500.0,0.0,0.0,
bmw,x2,2026.0,gasoline,0,automatic,8cv,1500,suv 4x4,good,standard,5 seats,4 doors,new,180000.0,2026-03,5.0,4.0,1500.0,0.0,0.0,
bmw,x3,2026.0,gasoline,0,automatic,11cv,2000,suv 4x4,good,standard,5 seats,4 doors,new,250000.0,2026-03,5.0,4.0,2000.0,0.0,0.0,
bmw,x3,2026.0,hybrid,0,automatic,10cv,2000,suv 4x4,good,standard,5 seats,4 doors,new,265000.0,2026-03,5.0,4.0,2000.0,0.0,0.0,
bmw,x5,2026.0,hybrid,0,automatic,21cv,3000,suv 4x4,good,standard,5 seats,4 doors,new,380000.0,2026-03,5.0,4.0,3000.0,0.0,0.0,
bmw,ix,2026.0,electric,0,automatic,11cv,unknown,suv 4x4,good,standard,5 seats,4 doors,new,370000.0,2026-03,5.0,4.0,,0.0,0.0,
mercedes,classe a 200,2026.0,gasoline,0,automatic,9cv,1300,hatchback,good,standard,5 seats,4 doors,new,150000.0,2026-03,5.0,4.0,1300.0,0.0,0.0,
mercedes,classe a 200,2026.0,gasoline,0,automatic,9cv,1300,sedan,good,standard,5 seats,4 doors,new,170000.0,2026-03,5.0,4.0,1300.0,0.0,0.0,
mercedes,cla 200,2026.0,gasoline,0,automatic,9cv,1300,sedan,good,standard,5 seats,4 doors,new,187000.0,2026-03,5.0,4.0,1300.0,0.0,0.0,
mercedes,classe c 180,2026.0,gasoline,0,automatic,9cv,1500,sedan,good,standard,5 seats,4 doors,new,210000.0,2026-03,5.0,4.0,1500.0,0.0,0.0,
mercedes,classe c 350e,2026.0,hybrid,0,automatic,12cv,2000,sedan,good,standard,5 seats,4 doors,new,240000.0,2026-03,5.0,4.0,2000.0,0.0,0.0,
mercedes,cle 200,2026.0,gasoline,0,automatic,12cv,2000,coupe,good,standard,5 seats,4 doors,new,315000.0,2026-03,5.0,4.0,2000.0,0.0,0.0,
mercedes,classe e 200,2026.0,gasoline,0,automatic,12cv,2000,sedan,good,standard,5 seats,4 doors,new,310000.0,2026-03,5.0,4.0,2000.0,0.0,0.0,
mercedes,classe e 350e,2026.0,hybrid,0,automatic,9cv,2000,sedan,good,standard,5 seats,4 doors,new,270000.0,2026-03,5.0,4.0,2000.0,0.0,0.0,
mercedes,classe s 450,2026.0,gasoline,0,automatic,27cv,3000,sedan,good,standard,5 seats,4 doors,new,700000.0,2026-03,5.0,4.0,3000.0,0.0,0.0,
mercedes,gla 200,2026.0,gasoline,0,automatic,9cv,1300,crossover,good,standard,5 seats,4 doors,new,190000.0,2026-03,5.0,4.0,1300.0,0.0,0.0,
mercedes,glb 200,2026.0,gasoline,0,automatic,9cv,1300,suv 4x4,good,standard,5 seats,4 doors,new,212000.0,2026-03,5.0,4.0,1300.0,0.0,0.0,
mercedes,glc 200,2026.0,gasoline,0,automatic,12cv,2000,suv 4x4,good,standard,5 seats,4 doors,new,290000.0,2026-03,5.0,4.0,2000.0,0.0,0.0,
mercedes,glc 350e,2026.0,hybrid,0,automatic,9cv,2000,suv 4x4,good,standard,5 seats,4 doors,new,280000.0,2026-03,5.0,4.0,2000.0,0.0,0.0,
mercedes,glc 200 coupe,2026.0,gasoline,0,automatic,12cv,2000,suv 4x4,good,standard,5 seats,4 doors,new,340000.0,2026-03,5.0,4.0,2000.0,0.0,0.0,
mercedes,gcl 350e coupe,2026.0,hybrid,0,automatic,11cv,2000,suv 4x4,good,standard,5 seats,4 doors,new,300000.0,2026-03,5.0,4.0,2000.0,0.0,0.0,
mercedes,classe g 380 eq,2026.0,electric,0,automatic,18cv,116khw,suv 4x4,good,standard,5 seats,4 doors,new,600000.0,2026-03,5.0,4.0,,0.0,0.0,
mercedes,classe v 250,2026.0,diesel,0,automatic,12cv,2000,mpv,good,standard,5 seats,4 doors,new,468000.0,2026-03,5.0,4.0,2000.0,0.0,0.0,
seat,ibiza,2026.0,gasoline,0,manual,4cv,1000,hatchback,good,mpi,5 seats,4 doors,new,65000.0,2026-03,5.0,4.0,1000.0,0.0,0.0,
seat,ibiza,2026.0,gasoline,0,automatic,6cv,1000,hatchback,good,tsi,5 seats,4 doors,new,75000.0,2026-03,5.0,4.0,1000.0,0.0,0.0,
seat,arona,2026.0,gasoline,0,automatic,6cv,1000,crossover,good,standard,5 seats,4 doors,new,80000.0,2026-03,5.0,4.0,1000.0,0.0,0.0,
seat,leon,2026.0,gasoline,0,automatic,8cv,1400,hatchback,good,standard,5 seats,4 doors,new,109000.0,2026-03,5.0,4.0,1400.0,0.0,0.0,
seat,ateca,2026.0,gasoline,0,automatic,8cv,1400,suv 4x2,good,standard,5 seats,4 doors,new,123000.0,2026-03,5.0,4.0,1400.0,0.0,0.0,
cupra,leon,2026.0,gasoline,0,automatic,8cv,1400,hatchback,good,standard,5 seats,4 doors,new,138000.0,2026-03,5.0,4.0,1400.0,0.0,0.0,
cupra,terramar,2026.0,gasoline,0,automatic,8cv,1400,suv 4x4,good,standard,5 seats,4 doors,new,169000.0,2026-03,5.0,4.0,1400.0,0.0,0.0,
audi,a3,2026.0,gasoline,0,automatic,8cv,1400,hatchback,good,standard,5 seats,4 doors,new,140000.0,2026-03,5.0,4.0,1400.0,0.0,0.0,
audi,a3,2026.0,gasoline,0,automatic,8cv,1400,sedan,good,standard,5 seats,4 doors,new,160000.0,2026-03,5.0,4.0,1400.0,0.0,0.0,
audi,q2,2026.0,gasoline,0,automatic,8cv,1400,crossover,good,standard,5 seats,4 doors,new,145000.0,2026-03,5.0,4.0,1400.0,0.0,0.0,
audi,q3,2026.0,gasoline,0,automatic,9cv,1500,suv 4x4,good,s line,5 seats,4 doors,new,200000.0,2026-03,5.0,4.0,1500.0,0.0,0.0,
audi,a5,2026.0,gasoline,0,automatic,8cv,2000,sedan,good,standard,5 seats,4 doors,new,250000.0,2026-03,5.0,4.0,2000.0,0.0,0.0,
audi,a6 e tron,2026.0,electric,0,automatic,9cv,unknown,sedan,good,s line,5 seats,4 doors,new,260000.0,2026-03,5.0,4.0,,0.0,0.0,
audi,q8,2026.0,gasoline,0,automatic,22cv,3000,suv 4x4,good,quattro,5 seats,4 doors,new,525000.0,2026-03,5.0,4.0,3000.0,0.0,0.0,
audi,e tron gt,2026.0,electric,0,automatic,10cv,unknown,sedan,good,quattro,5 seats,4 doors,new,340000.0,2026-03,5.0,4.0,,0.0,0.0,
audi,q6 coupe e tron,2026.0,electric,0,automatic,9cv,unknown,suv 4x4,good,s line,5 seats,4 doors,new,280000.0,2026-03,5.0,4.0,,0.0,0.0,
audi,q6 e tron,2026.0,electric,0,automatic,9cv,unknown,suv 4x4,good,s line quattro,5 seats,4 doors,new,260000.0,2026-03,5.0,4.0,,0.0,0.0,
skoda,superb,2026.0,gasoline,0,automatic,8cv,1500,sedan,good,standard,5 seats,4 doors,new,156000.0,2026-03,5.0,4.0,1500.0,0.0,0.0,
skoda,octavia,2026.0,gasoline,0,automatic,8cv,1400,sedan,good,standard,5 seats,4 doors,new,115000.0,2026-03,5.0,4.0,1400.0,0.0,0.0,
skoda,kamiq,2026.0,gasoline,0,automatic,6cv,1000,crossover,good,standard,5 seats,4 doors,new,90000.0,2026-03,5.0,4.0,1000.0,0.0,0.0,
skoda,scala,2026.0,gasoline,0,automatic,6cv,1000,wagon,good,standard,5 seats,4 doors,new,87000.0,2026-03,5.0,4.0,1000.0,0.0,0.0,
skoda,kushaq,2026.0,gasoline,0,automatic,6cv,1000,crossover,good,standard,5 seats,4 doors,new,79000.0,2026-03,5.0,4.0,1000.0,0.0,0.0,
skoda,fabia,2026.0,gasoline,0,manual,4cv,1000,hatchback,good,standard,5 seats,4 doors,new,67000.0,2026-03,5.0,4.0,1000.0,0.0,0.0,
dacia,sandero stepway,2026.0,gasoline,0,manual,6cv,1000,hatchback,good,standard,5 seats,4 doors,new,63000.0,2026-03,5.0,4.0,1000.0,0.0,0.0,
dacia,sandero stepway,2026.0,gasoline,0,automatic,6cv,1000,hatchback,good,standard,5 seats,4 doors,new,73000.0,2026-03,5.0,4.0,1000.0,0.0,0.0,
dacia,duster,2026.0,diesel,0,manual,6cv,1500,suv 4x2,good,standard,5 seats,4 doors,new,107000.0,2026-03,5.0,4.0,1500.0,0.0,0.0,
dacia,logan,2026.0,gasoline,0,manual,5cv,1000,sedan,good,standard,5 seats,4 doors,new,63000.0,2026-03,5.0,4.0,1000.0,0.0,0.0,
dacia,sandero,2026.0,gasoline,0,manual,5cv,1000,hatchback,good,standard,5 seats,4 doors,new,58500.0,2026-03,5.0,4.0,1000.0,0.0,0.0,
fiat,fiorino combi,2026.0,diesel,0,manual,4cv,1300,mpv,good,standard,5 seats,4 doors,new,81000.0,2026-03,5.0,4.0,1300.0,0.0,0.0,
fiat,tipo,2026.0,gasoline,0,manual,5cv,1400,sedan,good,standard,5 seats,4 doors,new,78500.0,2026-03,5.0,4.0,1400.0,0.0,0.0,
fiat,doblo combi,2026.0,diesel,0,manual,5cv,1600,mpv,good,standard,5 seats,4 doors,new,105000.0,2026-03,5.0,4.0,1600.0,0.0,0.0,
fiat,scudo combi,2026.0,diesel,0,manual,8cv,2000,mpv,good,standard,5 seats,4 doors,new,153000.0,2026-03,5.0,4.0,2000.0,0.0,0.0,
fiat,doblo,2026.0,diesel,0,manual,5cv,1600,light commercial,good,standard,5 seats,4 doors,new,67500.0,2026-03,5.0,4.0,1600.0,0.0,0.0,
fiat,ducato,2026.0,diesel,0,manual,7cv,2200,heavy commercial,good,standard,5 seats,4 doors,new,85000.0,2026-03,5.0,4.0,2200.0,0.0,0.0,
fiat,scudo,2026.0,diesel,0,manual,8cv,2000,heavy commercial,good,standard,5 seats,4 doors,new,87000.0,2026-03,5.0,4.0,2000.0,0.0,0.0,
ford,ranger,2026.0,diesel,0,manual,9cv,2000,pickup 4x4,good,standard,5 seats,4 doors,new,155000.0,2026-03,5.0,4.0,2000.0,0.0,0.0,
ford,ranger,2026.0,diesel,0,automatic,7cv,2000,pickup 4x4,good,standard,5 seats,4 doors,new,170000.0,2026-03,5.0,4.0,2000.0,0.0,0.0,
nissan,magnite,2026.0,gasoline,0,manual,5cv,1000,crossover,good,standard,5 seats,4 doors,new,61000.0,2026-03,5.0,4.0,1000.0,0.0,0.0,
nissan,navara,2026.0,diesel,0,automatic,10cv,2500,pickup 4x4,good,standard,5 seats,4 doors,new,179500.0,2026-03,5.0,4.0,2500.0,0.0,0.0,
nissan,qashqai,2026.0,hybrid,0,automatic,8cv,1500,suv 4x2,good,standard,5 seats,4 doors,new,153000.0,2026-03,5.0,4.0,1500.0,0.0,0.0,
nissan,juke,2026.0,gasoline,0,automatic,6cv,1000,crossover,good,standard,5 seats,4 doors,new,100000.0,2026-03,5.0,4.0,1000.0,0.0,0.0,
opel,corsa,2026.0,gasoline,0,manual,5cv,1200,hatchback,good,standard,5 seats,4 doors,new,66000.0,2026-03,5.0,4.0,1200.0,0.0,0.0,
opel,combo cargo,2026.0,diesel,0,manual,5cv,1600,light commercial,good,standard,5 seats,4 doors,new,63000.0,2026-03,5.0,4.0,1600.0,0.0,0.0,
opel,grandland,2026.0,gasoline,0,automatic,9cv,1600,suv 4x2,good,standard,5 seats,4 doors,new,100000.0,2026-03,5.0,4.0,1600.0,0.0,0.0,
opel,astra,2026.0,gasoline,0,automatic,7cv,1200,hatchback,good,standard,5 seats,4 doors,new,95000.0,2026-03,5.0,4.0,1200.0,0.0,0.0,
opel,mokka,2026.0,gasoline,0,automatic,7cv,1200,crossover,good,standard,5 seats,4 doors,new,92000.0,2026-03,5.0,4.0,1200.0,0.0,0.0,
opel,crossland,2026.0,gasoline,0,automatic,6cv,1200,crossover,good,standard,5 seats,4 doors,new,73000.0,2026-03,5.0,4.0,1200.0,0.0,0.0,
mitsubishi,attrage,2026.0,gasoline,0,manual,4cv,1200,sedan,good,standard,5 seats,4 doors,new,35000.0,2026-03,5.0,4.0,1200.0,0.0,0.0,
mitsubishi,pajero sport,2026.0,diesel,0,manual,11cv,2500,suv 4x4,good,standard,5 seats,4 doors,new,243500.0,2026-03,5.0,4.0,2500.0,0.0,0.0,
mitsubishi,asx,2026.0,diesel,0,automatic,9cv,2000,suv 4x2,good,standard,5 seats,4 doors,new,131700.0,2026-03,5.0,4.0,2000.0,0.0,0.0,
mitsubishi,eclipse cross,2026.0,gasoline,0,automatic,8cv,1500,crossover,good,standard,5 seats,4 doors,new,107000.0,2026-03,5.0,4.0,1500.0,0.0,0.0,
mitsubishi,pajero,2026.0,diesel,0,manual,11cv,2800,suv 4x4,good,standard,5 seats,4 doors,new,196500.0,2026-03,5.0,4.0,2800.0,0.0,0.0,
mitsubishi,l200,2026.0,diesel,0,manual,8cv,2500,pickup 4x4,good,standard,5 seats,4 doors,new,137000.0,2026-03,5.0,4.0,2500.0,0.0,0.0,
suzuki,celerio,2026.0,gasoline,0,manual,4cv,1000,hatchback,good,standard,5 seats,4 doors,new,29000.0,2026-03,5.0,4.0,1000.0,0.0,0.0,
suzuki,jimny,2026.0,gasoline,0,automatic,6cv,1500,suv 4x4,good,standard,5 seats,4 doors,new,118000.0,2026-03,5.0,4.0,1500.0,0.0,0.0,
suzuki,fronx,2026.0,gasoline,0,manual,6cv,1500,crossover,good,standard,5 seats,4 doors,new,77000.0,2026-03,5.0,4.0,1500.0,0.0,0.0,
suzuki,baleno,2026.0,gasoline,0,manual,6cv,1500,hatchback,good,standard,5 seats,4 doors,new,68000.0,2026-03,5.0,4.0,1500.0,0.0,0.0,
suzuki,dzire,2026.0,gasoline,0,manual,4cv,1200,sedan,good,standard,5 seats,4 doors,new,57000.0,2026-03,5.0,4.0,1200.0,0.0,0.0,
suzuki,swift,2026.0,gasoline,0,manual,4cv,1200,hatchback,good,standard,5 seats,4 doors,new,56500.0,2026-03,5.0,4.0,1200.0,0.0,0.0,
chevrolet,groove,2026.0,gasoline,0,automatic,6cv,1500,suv 4x2,good,standard,5 seats,4 doors,new,85800.0,2026-03,5.0,4.0,1500.0,0.0,0.0,
chevrolet,captiva,2026.0,gasoline,0,automatic,9cv,1500,suv 4x2,good,standard,5 seats,4 doors,new,94000.0,2026-03,5.0,4.0,1500.0,0.0,0.0,
haval,h6,2026.0,hybrid,0,automatic,8cv,1500,suv 4x2,good,standard,5 seats,4 doors,new,130000.0,2026-03,5.0,4.0,1500.0,0.0,0.0,
haval,jolion,2026.0,gasoline,0,automatic,9cv,1500,suv 4x2,good,standard,5 seats,4 doors,new,99000.0,2026-03,5.0,4.0,1500.0,0.0,0.0,
gwm,wingle 5,2026.0,diesel,0,manual,7cv,2000,pickup 4x4,good,standard,2 seats,2 doors,new,81000.0,2026-03,2.0,2.0,2000.0,0.0,0.0,
gwm,wingle 5,2026.0,diesel,0,manual,7cv,2000,pickup 4x2,good,standard,5 seats,4 doors,new,87500.0,2026-03,5.0,4.0,2000.0,0.0,0.0,
gwm,poer mt,2026.0,diesel,0,manual,11cv,2000,pickup 4x4,good,standard,5 seats,4 doors,new,108000.0,2026-03,5.0,4.0,2000.0,0.0,0.0,
gwm,poer at,2026.0,diesel,0,automatic,7cv,2000,pickup 4x4,good,standard,5 seats,4 doors,new,137000.0,2026-03,5.0,4.0,2000.0,0.0,0.0,
chery,tiggo 1x,2026.0,gasoline,0,automatic,4cv,1000,crossover,good,standard,5 seats,4 doors,new,32300.0,2026-03,5.0,4.0,1000.0,0.0,0.0,
chery,tiggo 3x,2026.0,gasoline,0,manual,6cv,1500,crossover,good,standard,5 seats,4 doors,new,58000.0,2026-03,5.0,4.0,1500.0,0.0,0.0,
chery,arrizo 8,2026.0,gasoline,0,automatic,10cv,1600,sedan,good,standard,5 seats,4 doors,new,110000.0,2026-03,5.0,4.0,1600.0,0.0,0.0,
chery,tiggo 7,2026.0,gasoline,0,automatic,9cv,1500,suv 4x4,good,standard,5 seats,4 doors,new,96500.0,2026-03,5.0,4.0,1500.0,0.0,0.0,
chery,tiggo 4,2026.0,gasoline,0,automatic,6cv,1500,crossover,good,standard,5 seats,4 doors,new,75000.0,2026-03,5.0,4.0,1500.0,0.0,0.0,
chery,arrizo 5,2026.0,gasoline,0,manual,7cv,1500,sedan,good,standard,5 seats,4 doors,new,59500.0,2026-03,5.0,4.0,1500.0,0.0,0.0,
tata,xenon,2026.0,diesel,0,manual,7cv,2200,pickup 4x2,good,standard,2 seats,2 doors,new,59000.0,2026-03,2.0,2.0,2200.0,0.0,0.0,
tata,xenon,2026.0,diesel,0,manual,7cv,2200,pickup 4x2,good,standard,5 seats,4 doors,new,75000.0,2026-03,5.0,4.0,2200.0,0.0,0.0,
tata,xenon,2026.0,diesel,0,manual,7cv,2200,pickup 4x4,good,standard,5 seats,4 doors,new,82000.0,2026-03,5.0,4.0,2200.0,0.0,0.0,
tata,super ace,2026.0,diesel,0,manual,5cv,1400,pickup 4x2,good,standard,2 seats,2 doors,new,40000.0,2026-03,2.0,2.0,1400.0,0.0,0.0,
ssangyong,tivoli,2026.0,gasoline,0,automatic,8cv,1500,crossover,good,standard,5 seats,4 doors,new,88000.0,2026-03,5.0,4.0,1500.0,0.0,0.0,
ssangyong,korando,2026.0,gasoline,0,automatic,9cv,2500,suv 4x4,good,standard,5 seats,4 doors,new,114800.0,2026-03,5.0,4.0,2500.0,0.0,0.0,
ssangyong,rexton,2026.0,diesel,0,automatic,12cv,2200,suv 4x4,good,standard,5 seats,4 doors,new,290000.0,2026-03,5.0,4.0,2200.0,0.0,0.0,
ssangyong,musso,2026.0,diesel,0,manual,7cv,2200,pickup 4x4,good,standard,5 seats,4 doors,new,119000.0,2026-03,5.0,4.0,2200.0,0.0,0.0,
mahindra,kuv 100,2026.0,gasoline,0,manual,5cv,1200,crossover,good,standard,5 seats,4 doors,new,44000.0,2026-03,5.0,4.0,1200.0,0.0,0.0,
mahindra,xuv 3xo,2026.0,gasoline,0,manual,6cv,1200,crossover,good,standard,5 seats,4 doors,new,56800.0,2026-03,5.0,4.0,1200.0,0.0,0.0,
mahindra,xuv 3xo,2026.0,gasoline,0,automatic,6cv,1200,crossover,good,standard,5 seats,4 doors,new,65800.0,2026-03,5.0,4.0,1200.0,0.0,0.0,
mahindra,pick up,2026.0,diesel,0,manual,7cv,2200,pickup 4x4,good,standard,2 seats,2 doors,new,63000.0,2026-03,2.0,2.0,2200.0,0.0,0.0,
mahindra,pick up,2026.0,diesel,0,manual,7cv,2200,pickup 4x2,good,standard,5 seats,4 doors,new,70000.0,2026-03,5.0,4.0,2200.0,0.0,0.0,
mahindra,pick up,2026.0,diesel,0,manual,7cv,2200,pickup 4x4,good,standard,5 seats,4 doors,new,77000.0,2026-03,5.0,4.0,2200.0,0.0,0.0,
mahindra,xuv 300,2026.0,gasoline,0,manual,6cv,1200,crossover,good,standard,5 seats,4 doors,new,60000.0,2026-03,5.0,4.0,1200.0,0.0,0.0,
jeep,wrangler,2026.0,gasoline,0,automatic,18cv,2000,suv 4x4,good,standard,5 seats,4 doors,new,375000.0,2026-03,5.0,4.0,2000.0,0.0,0.0,
jeep,wrangler,2026.0,gasoline,0,automatic,19cv,3600,suv 4x4,good,standard,5 seats,4 doors,new,405000.0,2026-03,5.0,4.0,3600.0,0.0,0.0,
jeep,wrangler,2026.0,gasoline,0,automatic,18cv,2000,suv 4x4,good,standard,5 seats,2 doors,new,327000.0,2026-03,5.0,2.0,2000.0,0.0,0.0,
jeep,renegade,2026.0,gasoline,0,automatic,8cv,1400,suv 4x2,good,standard,5 seats,4 doors,new,126500.0,2026-03,5.0,4.0,1400.0,0.0,0.0,
jeep,compass,2026.0,gasoline,0,automatic,8cv,1300,suv 4x2,good,standard,5 seats,4 doors,new,136500.0,2026-03,5.0,4.0,1300.0,0.0,0.0,
isuzu,dmax,2026.0,diesel,0,manual,8cv,2500,pickup 4x2,good,khalijia,2 seats,2 doors,new,105000.0,2026-03,2.0,2.0,2500.0,0.0,0.0,
isuzu,dmax,2022.0,diesel,0,manual,8cv,1900,pickup 4x2,good,khalijia,2 seats,2 doors,new,132000.0,2026-03,2.0,2.0,1900.0,0.0,4.0,0.0
isuzu,dmax,2025.0,diesel,0,manual,8cv,1900,pickup 4x2,good,khalijia,2 seats,2 doors,new,113000.0,2026-03,2.0,2.0,1900.0,0.0,1.0,0.0
isuzu,dmax,2026.0,diesel,0,manual,8cv,2500,pickup 4x2,good,karwia,2 seats,2 doors,new,78500.0,2026-03,2.0,2.0,2500.0,0.0,0.0,
isuzu,dmax,2026.0,diesel,0,manual,8cv,2500,pickup 4x2,good,karwia,5 seats,4 doors,new,95300.0,2026-03,5.0,4.0,2500.0,0.0,0.0,
isuzu,dmax,2026.0,diesel,0,manual,8cv,2500,pickup 4x4,good,karwia,5 seats,4 doors,new,115700.0,2026-03,5.0,4.0,2500.0,0.0,0.0,
mg,3,2026.0,gasoline,0,manual,6cv,1500,hatchback,good,standard,5 seats,4 doors,new,59000.0,2026-03,5.0,4.0,1500.0,0.0,0.0,
mg,3,2026.0,gasoline,0,automatic,6cv,1500,hatchback,good,standard,5 seats,4 doors,new,71000.0,2026-03,5.0,4.0,1500.0,0.0,0.0,
mg,3,2026.0,hybrid,0,automatic,6cv,1500,hatchback,good,standard,5 seats,4 doors,new,78000.0,2026-03,5.0,4.0,1500.0,0.0,0.0,
mg,5,2026.0,gasoline,0,manual,6cv,1500,sedan,good,standard,5 seats,4 doors,new,64000.0,2026-03,5.0,4.0,1500.0,0.0,0.0,
mg,5,2026.0,gasoline,0,automatic,6cv,1500,sedan,good,standard,5 seats,4 doors,new,74000.0,2026-03,5.0,4.0,1500.0,0.0,0.0,
mg,zs,2026.0,gasoline,0,manual,6cv,1500,suv 4x2,good,standard,5 seats,4 doors,new,80000.0,2026-03,5.0,4.0,1500.0,0.0,0.0,
mg,zs,2026.0,gasoline,0,automatic,6cv,1500,suv 4x2,good,standard,5 seats,4 doors,new,89000.0,2026-03,5.0,4.0,1500.0,0.0,0.0,
mg,s5,2026.0,electric,0,automatic,4cv,unknown,suv 4x2,good,standard,5 seats,4 doors,new,85000.0,2026-03,5.0,4.0,,0.0,0.0,
mg,cyberster,2026.0,electric,0,automatic,11cv,unknown,convertible,good,standard,5 seats,4 doors,new,180000.0,2026-03,5.0,4.0,,0.0,0.0,
mg,7,2026.0,gasoline,0,automatic,9cv,1500,sedan,good,standard,5 seats,4 doors,new,110000.0,2026-03,5.0,4.0,1500.0,0.0,0.0,
mg,7,2026.0,gasoline,0,automatic,13cv,2000,sedan,good,standard,5 seats,4 doors,new,140000.0,2026-03,5.0,4.0,2000.0,0.0,0.0,
mg,rx9,2026.0,gasoline,0,automatic,11cv,2000,suv 4x4,good,standard,5 seats,4 doors,new,165000.0,2026-03,5.0,4.0,2000.0,0.0,0.0,
mg,hs,2026.0,hybrid,0,automatic,7cv,1500,suv 4x2,good,standard,5 seats,4 doors,new,115000.0,2026-03,5.0,4.0,1500.0,0.0,0.0,
mg,hs,2026.0,gasoline,0,automatic,9cv,1500,suv 4x2,good,standard,5 seats,4 doors,new,105000.0,2026-03,5.0,4.0,1500.0,0.0,0.0,
bako,bee,2026.0,electric,0,automatic,1cv,unknown,coupe,good,standard,5 seats,4 doors,new,17000.0,2026-03,5.0,4.0,,0.0,0.0,
bako,bvan,2026.0,electric,0,automatic,2cv,unknown,light commercial,good,standard,5 seats,4 doors,new,22500.0,2026-03,5.0,4.0,,0.0,0.0,
byd,dolphin surf,2026.0,electric,0,automatic,2cv,unknown,hatchback,good,standard,5 seats,4 doors,new,51000.0,2026-03,5.0,4.0,,0.0,0.0,
byd,dolphin,2026.0,electric,0,automatic,5cv,unknown,hatchback,good,standard,5 seats,4 doors,new,95000.0,2026-03,5.0,4.0,,0.0,0.0,
byd,qin plus,2026.0,hybrid,0,automatic,5cv,1500,sedan,good,standard,5 seats,4 doors,new,70000.0,2026-03,5.0,4.0,1500.0,0.0,0.0,
byd,atto 3,2026.0,electric,0,automatic,5cv,unknown,suv 4x2,good,standard,5 seats,4 doors,new,124000.0,2026-03,5.0,4.0,,0.0,0.0,
byd,song plus,2026.0,hybrid,0,automatic,7cv,1500,suv 4x2,good,standard,5 seats,4 doors,new,116000.0,2026-03,5.0,4.0,1500.0,0.0,0.0,
byd,tang ev,2026.0,electric,0,automatic,9cv,unknown,suv 4x4,good,standard,5 seats,4 doors,new,230000.0,2026-03,5.0,4.0,,0.0,0.0,
dfsk,ec75,2026.0,electric,0,automatic,3cv,unknown,heavy commercial,good,standard,5 seats,4 doors,new,85000.0,2026-03,5.0,4.0,,0.0,0.0,
dfsk,k01s,2026.0,gasoline,0,manual,5cv,1000,pickup 4x2,good,standard,2 seats,2 doors,new,32900.0,2026-03,2.0,2.0,1000.0,0.0,0.0,
dfsk,k01h,2026.0,gasoline,0,manual,6cv,1050,pickup 4x2,good,standard,2 seats,2 doors,new,35900.0,2026-03,2.0,2.0,1050.0,0.0,0.0,
dfsk,k02s,2026.0,gasoline,0,manual,5cv,1000,pickup 4x2,good,standard,5 seats,4 doors,new,40900.0,2026-03,5.0,4.0,1000.0,0.0,0.0,
dfsk,c31,2026.0,gasoline,0,manual,7cv,1500,pickup 4x2,good,standard,2 seats,2 doors,new,44900.0,2026-03,2.0,2.0,1500.0,0.0,0.0,
dfsk,c32,2026.0,gasoline,0,manual,7cv,1500,pickup 4x2,good,standard,5 seats,4 doors,new,52900.0,2026-03,5.0,4.0,1500.0,0.0,0.0,
wallyscar,annibal,2026.0,diesel,0,manual,6cv,2500,pickup 4x2,good,standard,5 seats,4 doors,new,89700.0,2026-03,5.0,4.0,2500.0,0.0,0.0,
wallyscar,annibal,2026.0,diesel,0,manual,6cv,2500,pickup 4x4,good,standard,5 seats,4 doors,new,102900.0,2026-03,5.0,4.0,2500.0,0.0,0.0,
wallyscar,annibal xxl,2026.0,diesel,0,automatic,8cv,2300,pickup 4x4,good,standard,5 seats,4 doors,new,142200.0,2026-03,5.0,4.0,2300.0,0.0,0.0,
wallyscar,annibal xxl,2026.0,gasoline,0,automatic,10cv,2000,pickup 4x4,good,standard,5 seats,4 doors,new,144800.0,2026-03,5.0,4.0,2000.0,0.0,0.0,
