brand,model,year,fuel,mileage_km,transmission,fiscal_power,engine_cc,body_style,car_condition,trim_level,seats,doors,condition,price,recorded_at,seats_num,doors_num,engine_cc_num,mileage_num,car_age,mileage_per_year,depreciation_zone,model_group,price_rating,color_ext,color_int,previous_owners,listing_date,governorate,listing_url
peugeot,308,2021,diesel,173000,manual,5 CV,,compacte,very good,standard,5 seats,5 doors,used,51800,2026-03,5,5,,173000,5,34600,high,peugeot 308
audi,a4,2016,gasoline,220000,automatic,8 CV,1395,berline,very good,standard,5 seats,5 doors,used,69000,2026-03,5,5,1395,220000,10,22000,high,audi a4
bmw,x3,2014,diesel,185000,automatic,10 CV,,suv,very good,standard,4 seats,5 doors,used,82000,2026-03,4,5,,185000,12,15417,normal,bmw x3
ford,kuga,2019,gasoline,90000,manual,8 CV,1498,suv,very good,standard,5 seats,5 doors,used,75000,2026-03,5,5,1498,90000,7,12857,normal,ford kuga
jaguar,xf,2022,diesel,110000,automatic,10 CV,1998,berline,very good,standard,5 seats,4 doors,used,135000,2026-03,5,4,1998,110000,4,27500,high,jaguar xf
seat,ibiza,2014,diesel,695000,manual,6 CV,1598,citadine,very good,standard,5 seats,4 doors,used,29500,2026-03,5,4,1598,695000,12,57917,high,seat ibiza
hyundai,grand i10,2020,gasoline,109723,automatic,5 CV,1248,citadine,very good,standard,5 seats,5 doors,used,39600,2026-03,5,5,1248,109723,6,18287,normal,hyundai grand i10
toyota,corolla,2022,gasoline,84000,automatic,6 CV,1197,compacte,very good,standard,5 seats,5 doors,used,65000,2026-03,5,5,1197,84000,4,21000,high,toyota corolla
toyota,agya,2021,gasoline,40000,manual,4 CV,998,citadine,very good,standard,5 seats,5 doors,used,35000,2026-03,5,5,998,40000,5,8000,low,toyota agya
porsche,cayenne,2012,gasoline,195000,automatic,21 CV,3598,suv,very good,standard,5 seats,5 doors,used,106000,2026-03,5,5,3598,195000,14,13929,normal,porsche cayenne
ford,ecosport,2023,gasoline,37000,manual,7 CV,998,suv,very good,standard,5 seats,5 doors,used,67000,2026-03,5,5,998,37000,3,12333,normal,ford ecosport
kia,rio 5p,2013,gasoline,190000,manual,5 CV,1248,coupé,normal,standard,5 seats,4 doors,used,31500,2026-03,5,4,1248,190000,13,14615,normal,kia rio 5p
audi,a3 sportback,2022,gasoline,98000,automatic,8 CV,,compacte,very good,standard,5 seats,5 doors,used,119000,2026-03,5,5,,98000,4,24500,high,audi a3 sportback
bmw,x5,2020,diesel,112000,automatic,14 CV,1998,suv,very good,standard,5 seats,5 doors,used,250000,2026-03,5,5,1998,112000,6,18667,normal,bmw x5
mercedes-benz,classe e,2014,gasoline,140000,automatic,9 CV,1800,berline,very good,standard,5 seats,5 doors,used,82000,2026-03,5,5,1800,140000,12,11667,normal,mercedes-benz classe e
mercedes-benz,classe x,2018,diesel,158000,manual,8 CV,,pick up,very good,standard,5 seats,4 doors,used,120000,2026-03,5,4,,158000,8,19750,normal,mercedes-benz classe x
renault,megane,2021,diesel,120000,automatic,6 CV,,compacte,very good,standard,5 seats,5 doors,used,59800,2026-03,5,5,,120000,5,24000,high,renault megane
mercedes-benz,cla,2021,gasoline,65000,automatic,8 CV,1400,berline,very good,standard,5 seats,4 doors,used,140000,2026-03,5,4,1400,65000,5,13000,normal,mercedes-benz cla
bmw,série 4 gran coupé,2020,gasoline,90000,automatic,7 CV,1498,berline,very good,standard,5 seats,4 doors,used,112000,2026-03,5,4,1498,90000,6,15000,normal,bmw série 4
suzuki,swift,2022,gasoline,95000,automatic,5 CV,1197,citadine,very good,standard,5 seats,5 doors,used,42000,2026-03,5,5,1197,95000,4,23750,high,suzuki swift
gwm,haval h6,2019,gasoline,144000,automatic,9 CV,1499,suv,very good,standard,5 seats,4 doors,used,66000,2026-03,5,4,1499,144000,7,20571,high,gwm haval h6
mercedes-benz,gla,2022,gasoline,55000,automatic,8 CV,,suv,very good,standard,5 seats,5 doors,used,135000,2026-03,5,5,,55000,4,13750,normal,mercedes-benz gla
audi,a3 sportback,2021,diesel,170000,manual,6 CV,1600,compacte,very good,standard,5 seats,5 doors,used,79500,2026-03,5,5,1600,170000,5,34000,high,audi a3 sportback
mercedes-benz,cla,2015,gasoline,128000,automatic,7 CV,1595,berline,very good,standard,5 seats,4 doors,used,67000,2026-03,5,4,1595,128000,11,11636,normal,mercedes-benz cla
fiat,punto,2014,gasoline,158000,manual,4 CV,1242,citadine,very good,standard,5 seats,5 doors,used,24000,2026-03,5,5,1242,158000,12,13167,normal,fiat punto
mercedes-benz,ml,2007,diesel,340000,automatic,13 CV,2987,suv,very good,standard,5 seats,5 doors,used,46000,2026-03,5,5,2987,340000,19,17895,normal,mercedes-benz ml
ford,ranger,2009,diesel,350000,manual,10 CV,2500,pick up,very good,standard,5 seats,4 doors,used,39000,2026-03,5,4,2500,350000,17,20588,high,ford ranger
fiat,linea,2011,gasoline,203000,manual,6 CV,1400,berline,very good,standard,5 seats,5 doors,used,28500,2026-03,5,5,1400,203000,15,13533,normal,fiat linea,,Gris argent,Gris,1ère main,31.03.2026,Tunis
volkswagen,passat,2021,gasoline,112000,automatic,8 CV,1395,berline,very good,standard,5 seats,5 doors,used,93000,2026-03,5,5,1395,112000,5,22400,high,volkswagen passat
mercedes-benz,glc coupé,2021,gasoline,73000,automatic,12 CV,,suv,very good,standard,5 seats,5 doors,used,178000,2026-03,5,5,,73000,5,14600,normal,mercedes-benz glc coupé
volkswagen,t-cross,2022,gasoline,123000,manual,6 CV,,suv,very good,standard,5 seats,5 doors,used,73500,2026-03,5,5,,123000,4,30750,high,volkswagen t-cross
dacia,autre,2023,compacte,33000,automatic,6 CV,1598,autres,very good,standard,7 seats,5 doors,used,85000,2026-03,7,5,1598,33000,3,11000,normal,dacia autre
mercedes-benz,classe c,2020,diesel,108000,automatic,9 CV,1597,berline,very good,standard,5 seats,4 doors,used,120000,2026-03,5,4,1597,108000,6,18000,normal,mercedes-benz classe c
mercedes-benz,cla,2023,gasoline,48000,automatic,7 CV,1332,berline,very good,standard,5 seats,4 doors,used,145000,2026-03,5,4,1332,48000,3,16000,normal,mercedes-benz cla
hyundai,grand i10,2016,gasoline,105000,manual,5 CV,1248,citadine,very good,standard,5 seats,5 doors,used,37500,2026-03,5,5,1248,105000,10,10500,normal,hyundai grand i10
suzuki,ciaz,2020,gasoline,112000,automatic,6 CV,1462,berline,very good,standard,5 seats,4 doors,used,46000,2026-03,5,4,1462,112000,6,18667,normal,suzuki ciaz
mercedes-benz,classe a,2021,gasoline,80000,automatic,8 CV,1332,compacte,very good,standard,5 seats,5 doors,used,113000,2026-03,5,5,1332,80000,5,16000,normal,mercedes-benz classe a
ford,ecosport,2019,gasoline,60000,automatic,7 CV,998,suv,very good,standard,5 seats,5 doors,used,53500,2026-03,5,5,998,60000,7,8571,low,ford ecosport
peugeot,2008,2016,gasoline,145000,manual,5 CV,1199,suv,normal,standard,5 seats,5 doors,used,40000,2026-03,5,5,1199,145000,10,14500,normal,peugeot 2008
hyundai,i20,2022,gasoline,93000,manual,5 CV,1197,citadine,very good,standard,5 seats,5 doors,used,50000,2026-03,5,5,1197,93000,4,23250,high,hyundai i20
mercedes-benz,cla,2021,gasoline,125000,automatic,8 CV,1332,berline,very good,standard,5 seats,5 doors,used,119000,2026-03,5,5,1332,125000,5,25000,high,mercedes-benz cla
land rover,discovery,2007,gasoline,185000,automatic,23 CV,2998,suv,very good,standard,5 seats,5 doors,used,57000,2026-03,5,5,2998,185000,19,9737,low,land rover discovery
kia,sportage,2021,gasoline,118000,automatic,11 CV,1591,suv,very good,standard,5 seats,5 doors,used,89000,2026-03,5,5,1591,118000,5,23600,high,kia sportage
land rover,range rover sport,2021,gasoline,90000,automatic,25 CV,2995,suv,very good,standard,5 seats,5 doors,used,280000,2026-03,5,5,2995,90000,5,18000,normal,land rover range
gwm,haval h6,2019,gasoline,131000,automatic,9 CV,1499,suv,very good,standard,5 seats,5 doors,used,68000,2026-03,5,5,1499,131000,7,18714,normal,gwm haval h6
volkswagen,golf 8,2021,gasoline,153000,automatic,6 CV,,compacte,very good,standard,5 seats,5 doors,used,73500,2026-03,5,5,,153000,5,30600,high,volkswagen golf 8
mercedes-benz,classe c,2019,gasoline,147000,automatic,8 CV,1598,berline,very good,standard,5 seats,4 doors,used,132000,2026-03,5,4,1598,147000,7,21000,high,mercedes-benz classe c
renault,clio campus,2008,diesel,306000,manual,6 CV,1461,citadine,very good,standard,5 seats,3 doors,used,20500,2026-03,5,3,1461,306000,18,17000,normal,renault clio campus
volkswagen,t-cross,2022,gasoline,39000,manual,5 CV,999,suv,very good,standard,5 seats,5 doors,used,79000,2026-03,5,5,999,39000,4,9750,low,volkswagen t-cross
volvo,ex30,2025,electrique,0,automatic,5 CV,,suv,very good,standard,5 seats,4 doors,used,102000,2026-03,5,4,,0,1,0,low,volvo ex30
citroën,c3,2021,diesel,148000,manual,5 CV,,citadine,very good,standard,5 seats,5 doors,used,44800,2026-03,5,5,,148000,5,29600,high,citroën c3
mercedes-benz,eqa,2022,electrique,39000,automatic,8 CV,,suv,very good,standard,5 seats,5 doors,used,119000,2026-03,5,5,,39000,4,9750,low,mercedes-benz eqa
porsche,panamera,2010,gasoline,78000,automatic,21 CV,3598,berline,very good,standard,4 seats,4 doors,used,129000,2026-03,4,4,3598,78000,16,4875,low,porsche panamera
mercedes-benz,classe a,2022,gasoline,78000,automatic,8 CV,,compacte,very good,standard,5 seats,5 doors,used,109000,2026-03,5,5,,78000,4,19500,normal,mercedes-benz classe a
renault,clio,2020,gasoline,72895,manual,4 CV,1149,citadine,very good,standard,5 seats,5 doors,used,44800,2026-03,5,5,1149,72895,6,12149,normal,renault clio
volkswagen,golf 7,2020,gasoline,132000,automatic,6 CV,1197,compacte,very good,standard,5 seats,5 doors,used,69000,2026-03,5,5,1197,132000,6,22000,high,volkswagen golf 7
bmw,série 1,2013,gasoline,180000,manual,7 CV,1598,compacte,very good,standard,5 seats,5 doors,used,43000,2026-03,5,5,1598,180000,13,13846,normal,bmw série 1
volkswagen,polo,2022,gasoline,113000,manual,4 CV,999,citadine,very good,standard,5 seats,5 doors,used,56500,2026-03,5,5,999,113000,4,28250,high,volkswagen polo
peugeot,308,2021,diesel,168000,manual,5 CV,,compacte,very good,standard,5 seats,5 doors,used,49800,2026-03,5,5,,168000,5,33600,high,peugeot 308
audi,a3 berline,2019,gasoline,178000,automatic,6 CV,1197,berline,very good,standard,5 seats,4 doors,used,69000,2026-03,5,4,1197,178000,7,25429,high,audi a3 berline
citroën,jumpy combi,2020,diesel,160000,manual,6 CV,,monospace,very good,standard,9 seats,4 doors,used,78000,2026-03,9,4,,160000,6,26667,high,citroën jumpy combi
peugeot,308,2017,gasoline,150000,manual,5 CV,1199,compacte,very good,standard,5 seats,5 doors,used,38000,2026-03,5,5,1199,150000,9,16667,normal,peugeot 308
mercedes-benz,classe a,2021,gasoline,80000,automatic,8 CV,1332,compacte,very good,standard,5 seats,5 doors,used,119000,2026-03,5,5,1332,80000,5,16000,normal,mercedes-benz classe a
volkswagen,golf 7,2018,diesel,170000,automatic,6 CV,,compacte,very good,standard,5 seats,5 doors,used,74000,2026-03,5,5,,170000,8,21250,high,volkswagen golf 7
citroën,c3,2021,gasoline,64000,manual,4 CV,,citadine,very good,standard,5 seats,5 doors,used,37500,2026-03,5,5,,64000,5,12800,normal,citroën c3
suzuki,baleno,2018,gasoline,89000,automatic,5 CV,1373,compacte,very good,standard,5 seats,5 doors,used,39000,2026-03,5,5,1373,89000,8,11125,normal,suzuki baleno
land rover,range rover evoque,2022,gasoline,98000,automatic,11 CV,,suv,very good,standard,5 seats,5 doors,used,169000,2026-03,5,5,,98000,4,24500,high,land rover range
mercedes-benz,ml,2011,diesel,253000,automatic,15 CV,,suv,very good,standard,5 seats,5 doors,used,67000,2026-03,5,5,,253000,15,16867,normal,mercedes-benz ml
volkswagen,amarok,2017,diesel,145000,automatic,7 CV,2000,pick up,very good,standard,5 seats,4 doors,used,110000,2026-03,5,4,2000,145000,9,16111,normal,volkswagen amarok
suzuki,celerio,2022,gasoline,70000,automatic,4 CV,998,citadine,very good,standard,5 seats,5 doors,used,39500,2026-03,5,5,998,70000,4,17500,normal,suzuki celerio
kia,sportage,2023,gasoline,30000,automatic,10 CV,1598,suv,very good,standard,5 seats,5 doors,used,125000,2026-03,5,5,1598,30000,3,10000,normal,kia sportage
skoda,octavia,2018,gasoline,130000,automatic,8 CV,1395,berline,very good,standard,5 seats,4 doors,used,49500,2026-03,5,4,1395,130000,8,16250,normal,skoda octavia
mercedes-benz,classe s,2010,gasoline,165000,automatic,18 CV,3498,berline,very good,standard,5 seats,4 doors,used,99000,2026-03,5,4,3498,165000,16,10312,normal,mercedes-benz classe s
ds,4 crossback,2018,gasoline,178000,automatic,9 CV,,citadine,very good,standard,5 seats,5 doors,used,45000,2026-03,5,5,,178000,8,22250,high,ds 4 crossback
cupra,terramar,2025,gasoline,16000,automatic,9 CV,2000,suv,very good,standard,5 seats,4 doors,used,150000,2026-03,5,4,2000,16000,1,16000,normal,cupra terramar
land rover,range rover evoque,2016,diesel,160000,automatic,10 CV,1998,suv,very good,standard,5 seats,5 doors,used,92000,2026-03,5,5,1998,160000,10,16000,normal,land rover range
chevrolet,groove,2022,gasoline,58000,automatic,6 CV,1485,suv,very good,standard,5 seats,5 doors,used,65000,2026-03,5,5,1485,58000,4,14500,normal,chevrolet groove
volkswagen,amarok,2021,diesel,86000,automatic,7 CV,1968,pick up,very good,standard,5 seats,4 doors,used,135000,2026-03,5,4,1968,86000,5,17200,normal,volkswagen amarok