brand,model,year,fuel,mileage_km,transmission,fiscal_power,engine_cc,body_style,car_condition,trim_level,seats,doors,condition,price,recorded_at,seats_num,doors_num,engine_cc_num,mileage_num,car_age,mileage_per_year,depreciation_zone,model_group,price_rating,color_ext,color_int,previous_owners,listing_date,governorate,listing_url,model_normalized
peugeot,308,2021.0,diesel,173000.0,manual,5 CV,,compacte,very good,standard,5 seats,5 doors,used,51800,2026-03,5.0,5.0,,173000.0,5.0,34600.0,2,peugeot_compacte,,Gris Shark,Noir,1ère main,31.03.2026,Nabeul,https://www.automobile.tn/fr/occasion/peugeot/308/123111,308
audi,a4,2016.0,gasoline,220000.0,automatic,8 CV,1395.0,berline,very good,standard,5 seats,5 doors,used,69000,2026-03,5.0,5.0,1395.0,220000.0,10.0,22000.0,3,audi_berline,,Noir,Gris,1ère main,31.03.2026,Tunis,https://www.automobile.tn/fr/occasion/audi/a4/120689,a4
bmw,x3,2014.0,diesel,185000.0,automatic,10 CV,,suv,very good,standard,4 seats,5 doors,used,82000,2026-03,4.0,5.0,,185000.0,12.0,15416.666666666666,3,bmw_suv,,Noir,Gris,1ère main,31.03.2026,Tunis,https://www.automobile.tn/fr/occasion/bmw/x3/117675,x3
ford,kuga,2019.0,gasoline,90000.0,manual,8 CV,1498.0,suv,very good,standard,5 seats,5 doors,used,75000,2026-03,5.0,5.0,1498.0,90000.0,7.0,12857.142857142857,2,ford_suv,,Gris Shark,Gris,1ère main,31.03.2026,La Manouba,https://www.automobile.tn/fr/occasion/ford/kuga/124922,kuga
jaguar,xf,2022.0,diesel,110000.0,automatic,10 CV,1998.0,berline,very good,standard,5 seats,4 doors,used,135000,2026-03,5.0,4.0,1998.0,110000.0,4.0,27500.0,2,jaguar_berline,,Blanc,Marron,2ème main,31.03.2026,Tunis,https://www.automobile.tn/fr/occasion/jaguar/xf/123207,xf
seat,ibiza,2014.0,diesel,695000.0,manual,6 CV,1598.0,citadine,very good,standard,5 seats,4 doors,used,29500,2026-03,5.0,4.0,1598.0,695000.0,12.0,57916.666666666664,3,seat_citadine,,Jaune,Noir,1ère main,31.03.2026,La Manouba,https://www.automobile.tn/fr/occasion/seat/ibiza/124801,ibiza
hyundai,grand i10,2020.0,gasoline,109723.0,automatic,5 CV,1248.0,citadine,very good,standard,5 seats,5 doors,used,39600,2026-03,5.0,5.0,1248.0,109723.0,6.0,18287.166666666668,2,hyundai_citadine,,Gris argent,Noir,1ère main,31.03.2026,Ben Arous,https://www.automobile.tn/fr/occasion/hyundai/grand-i10/124925,grand i10
toyota,corolla,2022.0,gasoline,84000.0,automatic,6 CV,1197.0,compacte,very good,standard,5 seats,5 doors,used,65000,2026-03,5.0,5.0,1197.0,84000.0,4.0,21000.0,2,toyota_compacte,,Blanc,Noir,1ère main,31.03.2026,Tunis,https://www.automobile.tn/fr/occasion/toyota/corolla-5p/123945,corolla
toyota,agya,2021.0,gasoline,40000.0,manual,4 CV,998.0,citadine,very good,standard,5 seats,5 doors,used,35000,2026-03,5.0,5.0,998.0,40000.0,5.0,8000.0,2,toyota_citadine,,Rouge,Gris,1ère main,31.03.2026,Tunis,https://www.automobile.tn/fr/occasion/toyota/agya/124928,agya
porsche,cayenne,2012.0,gasoline,195000.0,automatic,21 CV,3598.0,suv,very good,standard,5 seats,5 doors,used,106000,2026-03,5.0,5.0,3598.0,195000.0,14.0,13928.57142857143,3,porsche_suv,,Blanc,Noir,1ère main,31.03.2026,Tunis,https://www.automobile.tn/fr/occasion/porsche/cayenne/107279,cayenne
ford,ecosport,2023.0,gasoline,37000.0,manual,7 CV,998.0,suv,very good,standard,5 seats,5 doors,used,67000,2026-03,5.0,5.0,998.0,37000.0,3.0,12333.333333333334,1,ford_suv,,Noir,Noir,1ère main,31.03.2026,Tunis,https://www.automobile.tn/fr/occasion/ford/ecosport/124010,ecosport
kia,rio 5p,2013.0,gasoline,190000.0,manual,5 CV,1248.0,coupé,normal,standard,5 seats,4 doors,used,31500,2026-03,5.0,4.0,1248.0,190000.0,13.0,14615.384615384615,3,kia_coupé,,Marron,Marron,2ème main,31.03.2026,Kasserine,https://www.automobile.tn/fr/occasion/kia/rio-5p/124929,rio
audi,a3 sportback,2022.0,gasoline,98000.0,automatic,8 CV,,compacte,very good,standard,5 seats,5 doors,used,119000,2026-03,5.0,5.0,,98000.0,4.0,24500.0,2,audi_compacte,,Noir,Noir,1ère main,31.03.2026,Nabeul,https://www.automobile.tn/fr/occasion/audi/a3-sportback/120278,a3
bmw,x5,2020.0,diesel,112000.0,automatic,14 CV,1998.0,suv,very good,standard,5 seats,5 doors,used,250000,2026-03,5.0,5.0,1998.0,112000.0,6.0,18666.666666666668,2,bmw_suv,,Noir,Marron,1ère main,31.03.2026,Tunis,https://www.automobile.tn/fr/occasion/bmw/x5/107786,x5
mercedes,classe e,2014.0,gasoline,140000.0,automatic,9 CV,1800.0,berline,very good,standard,5 seats,5 doors,used,82000,2026-03,5.0,5.0,1800.0,140000.0,12.0,11666.666666666666,3,mercedes_berline,,Noir,Noir,1ère main,31.03.2026,Tunis,https://www.automobile.tn/fr/occasion/mercedes-benz/classe-e/118886,classe e
mercedes,classe x,2018.0,diesel,158000.0,manual,8 CV,,pick up,very good,standard,5 seats,4 doors,used,120000,2026-03,5.0,4.0,,158000.0,8.0,19750.0,2,mercedes_pick_up,,Noir,Noir,1ère main,31.03.2026,Tunis,https://www.automobile.tn/fr/occasion/mercedes-benz/classe-x/118168,classe x
renault,megane,2021.0,diesel,120000.0,automatic,6 CV,,compacte,very good,standard,5 seats,5 doors,used,59800,2026-03,5.0,5.0,,120000.0,5.0,24000.0,2,renault_compacte,,Blanc,Noir,1ère main,31.03.2026,Nabeul,https://www.automobile.tn/fr/occasion/renault/megane/121299,megane
mercedes,cla,2021.0,gasoline,65000.0,automatic,8 CV,1400.0,berline,very good,standard,5 seats,4 doors,used,140000,2026-03,5.0,4.0,1400.0,65000.0,5.0,13000.0,2,cla,,Blanc,Noir,1ère main,31.03.2026,Ariana,https://www.automobile.tn/fr/occasion/mercedes-benz/cla/120237,cla
bmw,série 4 gran coupé,2020.0,gasoline,90000.0,automatic,7 CV,1498.0,berline,very good,standard,5 seats,4 doors,used,112000,2026-03,5.0,4.0,1498.0,90000.0,6.0,15000.0,2,bmw_berline,,Bleu,Noir,1ère main,31.03.2026,Tunis,https://www.automobile.tn/fr/occasion/bmw/serie-4-gran-coupe/79830,série 4 gran coupé
suzuki,swift,2022.0,gasoline,95000.0,automatic,5 CV,1197.0,citadine,very good,standard,5 seats,5 doors,used,42000,2026-03,5.0,5.0,1197.0,95000.0,4.0,23750.0,2,suzuki_citadine,,Gris anthracite,Noir,1ère main,31.03.2026,Tunis,https://www.automobile.tn/fr/occasion/suzuki/swift/119301,swift
gwm,haval h6,2019.0,gasoline,144000.0,automatic,9 CV,1499.0,suv,very good,standard,5 seats,4 doors,used,66000,2026-03,5.0,4.0,1499.0,144000.0,7.0,20571.428571428572,2,gwm_suv,,Noir,Noir,1ère main,31.03.2026,Tunis,https://www.automobile.tn/fr/occasion/great-wall/h6/124463,haval h6
mercedes,gla,2022.0,gasoline,55000.0,automatic,8 CV,,suv,very good,standard,5 seats,5 doors,used,135000,2026-03,5.0,5.0,,55000.0,4.0,13750.0,2,mercedes_suv,,Noir,Noir,1ère main,31.03.2026,Nabeul,https://www.automobile.tn/fr/occasion/mercedes-benz/gla/123304,gla
audi,a3 sportback,2021.0,diesel,170000.0,manual,6 CV,1600.0,compacte,very good,standard,5 seats,5 doors,used,79500,2026-03,5.0,5.0,1600.0,170000.0,5.0,34000.0,2,audi_compacte,,Gris Shark,Noir,1ère main,31.03.2026,Nabeul,https://www.automobile.tn/fr/occasion/audi/a3-sportback/119694,a3
mercedes,cla,2015.0,gasoline,128000.0,automatic,7 CV,1595.0,berline,very good,standard,5 seats,4 doors,used,67000,2026-03,5.0,4.0,1595.0,128000.0,11.0,11636.363636363636,3,cla,,Blanc,Noir,1ère main,31.03.2026,Ariana,https://www.automobile.tn/fr/occasion/mercedes-benz/cla/124787,cla
fiat,punto,2014.0,gasoline,158000.0,manual,4 CV,1242.0,citadine,very good,standard,5 seats,5 doors,used,24000,2026-03,5.0,5.0,1242.0,158000.0,12.0,13166.666666666666,3,fiat_citadine,,Noir,Gris,2ème main,31.03.2026,Ariana,https://www.automobile.tn/fr/occasion/fiat/punto-easy/124927,punto
mercedes,ml,2007.0,diesel,340000.0,automatic,13 CV,2987.0,suv,very good,standard,5 seats,5 doors,used,46000,2026-03,5.0,5.0,2987.0,340000.0,19.0,17894.736842105263,4,mercedes_suv,,Noir,Noir,2ème main,31.03.2026,Monastir,https://www.automobile.tn/fr/occasion/mercedes-benz/ml/122881,ml
ford,ranger,2009.0,diesel,350000.0,manual,10 CV,2500.0,pick up,very good,standard,5 seats,4 doors,used,39000,2026-03,5.0,4.0,2500.0,350000.0,17.0,20588.235294117647,4,ford_pick_up,,Gris argent,Noir,1ère main,31.03.2026,Tunis,https://www.automobile.tn/fr/occasion/ford/ranger/124459,ranger
fiat,linea,2011.0,gasoline,203000.0,manual,6 CV,1400.0,berline,very good,standard,5 seats,5 doors,used,28500,2026-03,5.0,5.0,1400.0,203000.0,15.0,13533.333333333334,3,fiat_berline,,Gris argent,Gris,1ère main,31.03.2026,Tunis,https://www.automobile.tn/fr/occasion/fiat/linea/124482,linea
volkswagen,passat,2021.0,gasoline,112000.0,automatic,8 CV,1395.0,berline,very good,standard,5 seats,5 doors,used,93000,2026-03,5.0,5.0,1395.0,112000.0,5.0,22400.0,2,volkswagen_berline,,Gris argent,Noir,1ère main,31.03.2026,Nabeul,https://www.automobile.tn/fr/occasion/volkswagen/passat/120049,passat
mercedes,glc coupé,2021.0,gasoline,73000.0,automatic,12 CV,,suv,very good,standard,5 seats,5 doors,used,178000,2026-03,5.0,5.0,,73000.0,5.0,14600.0,2,mercedes_suv,,Bleu,Noir,1ère main,31.03.2026,Nabeul,https://www.automobile.tn/fr/occasion/mercedes-benz/glc-coupe/118542,glc
volkswagen,t-cross,2022.0,gasoline,123000.0,manual,6 CV,,suv,very good,standard,5 seats,5 doors,used,73500,2026-03,5.0,5.0,,123000.0,4.0,30750.0,2,volkswagen_suv,,Blanc,Noir,1ère main,31.03.2026,Nabeul,https://www.automobile.tn/fr/occasion/volkswagen/t-cross/123109,t-cross
dacia,autre,2023.0,compacte,33000.0,automatic,6 CV,1598.0,autres,very good,standard,7 seats,5 doors,used,85000,2026-03,7.0,5.0,1598.0,33000.0,3.0,11000.0,1,dacia_autres,,Vert,Noir,2ème main,31.03.2026,Sousse,https://www.automobile.tn/fr/occasion/dacia/autre/124926,autre
mercedes,classe c,2020.0,diesel,108000.0,automatic,9 CV,1597.0,berline,very good,standard,5 seats,4 doors,used,120000,2026-03,5.0,4.0,1597.0,108000.0,6.0,18000.0,2,mercedes_berline,,Blanc,Autre,1ère main,31.03.2026,Zaghouan,https://www.automobile.tn/fr/occasion/mercedes-benz/classe-c/121271,classe c
mercedes,cla,2023.0,gasoline,48000.0,automatic,7 CV,1332.0,berline,very good,standard,5 seats,4 doors,used,145000,2026-03,5.0,4.0,1332.0,48000.0,3.0,16000.0,1,cla,,Noir,Noir,1ère main,31.03.2026,Tunis,https://www.automobile.tn/fr/occasion/mercedes-benz/cla/124918,cla
hyundai,grand i10,2016.0,gasoline,105000.0,manual,5 CV,1248.0,citadine,very good,standard,5 seats,5 doors,used,37500,2026-03,5.0,5.0,1248.0,105000.0,10.0,10500.0,3,hyundai_citadine,,Blanc,Noir,1ère main,31.03.2026,Gafsa,https://www.automobile.tn/fr/occasion/hyundai/grand-i10/124923,grand i10
suzuki,ciaz,2020.0,gasoline,112000.0,automatic,6 CV,1462.0,berline,very good,standard,5 seats,4 doors,used,46000,2026-03,5.0,4.0,1462.0,112000.0,6.0,18666.666666666668,2,suzuki_berline,,Bleu,Noir,1ère main,31.03.2026,Tunis,https://www.automobile.tn/fr/occasion/suzuki/ciaz/120327,ciaz
mercedes,classe a,2021.0,gasoline,80000.0,automatic,8 CV,1332.0,compacte,very good,standard,5 seats,5 doors,used,113000,2026-03,5.0,5.0,1332.0,80000.0,5.0,16000.0,2,mercedes_compacte,,Noir,Noir,1ère main,31.03.2026,Nabeul,https://www.automobile.tn/fr/occasion/mercedes-benz/classe-a/117657,classe a
ford,ecosport,2019.0,gasoline,60000.0,automatic,7 CV,998.0,suv,very good,standard,5 seats,5 doors,used,53500,2026-03,5.0,5.0,998.0,60000.0,7.0,8571.42857142857,2,ford_suv,,Gris Shark,Noir,1ère main,31.03.2026,Nabeul,https://www.automobile.tn/fr/occasion/ford/ecosport/123342,ecosport
peugeot,2008,2016.0,gasoline,145000.0,manual,5 CV,1199.0,suv,normal,standard,5 seats,5 doors,used,40000,2026-03,5.0,5.0,1199.0,145000.0,10.0,14500.0,3,peugeot_suv,,Beige,Noir,1ère main,31.03.2026,Monastir,https://www.automobile.tn/fr/occasion/peugeot/2008/124921,2008
hyundai,i20,2022.0,gasoline,93000.0,manual,5 CV,1197.0,citadine,very good,standard,5 seats,5 doors,used,50000,2026-03,5.0,5.0,1197.0,93000.0,4.0,23250.0,2,hyundai_citadine,,Blanc,Noir,1ère main,31.03.2026,Tunis,https://www.automobile.tn/fr/occasion/hyundai/i20/115975,i20
mercedes,cla,2021.0,gasoline,125000.0,automatic,8 CV,1332.0,berline,very good,standard,5 seats,5 doors,used,119000,2026-03,5.0,5.0,1332.0,125000.0,5.0,25000.0,2,cla,,Gris Shark,Noir,1ère main,31.03.2026,Nabeul,https://www.automobile.tn/fr/occasion/mercedes-benz/cla/122279,cla
land rover,discovery,2007.0,gasoline,185000.0,automatic,23 CV,2998.0,suv,very good,standard,5 seats,5 doors,used,57000,2026-03,5.0,5.0,2998.0,185000.0,19.0,9736.842105263158,4,land rover_suv,,Gris argent,Noir,1ère main,31.03.2026,Tunis,https://www.automobile.tn/fr/occasion/land-rover/discovery/124296,discovery
kia,sportage,2021.0,gasoline,118000.0,automatic,11 CV,1591.0,suv,very good,standard,5 seats,5 doors,used,89000,2026-03,5.0,5.0,1591.0,118000.0,5.0,23600.0,2,kia_suv,,Noir,Noir,1ère main,31.03.2026,Nabeul,https://www.automobile.tn/fr/occasion/kia/sportage/119376,sportage
land rover,range rover sport,2021.0,gasoline,90000.0,automatic,25 CV,2995.0,suv,very good,standard,5 seats,5 doors,used,280000,2026-03,5.0,5.0,2995.0,90000.0,5.0,18000.0,2,land rover_suv,,Noir,Beige,1ère main,31.03.2026,Tunis,https://www.automobile.tn/fr/occasion/land-rover/range-rover-sport/113992,range rover sport
gwm,haval h6,2019.0,gasoline,131000.0,automatic,9 CV,1499.0,suv,very good,standard,5 seats,5 doors,used,68000,2026-03,5.0,5.0,1499.0,131000.0,7.0,18714.285714285714,2,gwm_suv,,Blanc,Marron,2ème main,31.03.2026,Gafsa,https://www.automobile.tn/fr/occasion/great-wall/h6/124442,haval h6
volkswagen,golf 8,2021.0,gasoline,153000.0,automatic,6 CV,,compacte,very good,standard,5 seats,5 doors,used,73500,2026-03,5.0,5.0,,153000.0,5.0,30600.0,2,volkswagen_compacte,,Blanc,Noir,1ère main,31.03.2026,Nabeul,https://www.automobile.tn/fr/occasion/volkswagen/golf-8/120279,golf 8
mercedes,classe c,2019.0,gasoline,147000.0,automatic,8 CV,1598.0,berline,very good,standard,5 seats,4 doors,used,132000,2026-03,5.0,4.0,1598.0,147000.0,7.0,21000.0,2,mercedes_berline,,Noir,Noir,1ère main,31.03.2026,Tunis,https://www.automobile.tn/fr/occasion/mercedes-benz/classe-c/116476,classe c
renault,clio campus,2008.0,diesel,306000.0,manual,6 CV,1461.0,citadine,very good,standard,5 seats,3 doors,used,20500,2026-03,5.0,3.0,1461.0,306000.0,18.0,17000.0,4,renault_citadine,,Blanc,Noir,2ème main,31.03.2026,Tunis,https://www.automobile.tn/fr/occasion/renault/clio-campus/124924,clio
volkswagen,t-cross,2022.0,gasoline,39000.0,manual,5 CV,999.0,suv,very good,standard,5 seats,5 doors,used,79000,2026-03,5.0,5.0,999.0,39000.0,4.0,9750.0,2,volkswagen_suv,,Bleu,Noir,1ère main,31.03.2026,Tunis,https://www.automobile.tn/fr/occasion/volkswagen/t-cross/115453,t-cross
volvo,ex30,2025.0,electrique,0.0,automatic,5 CV,,suv,very good,standard,5 seats,4 doors,used,102000,2026-03,5.0,4.0,,0.0,1.0,0.0,1,volvo_suv,,Blanc,Autre,1ère main,31.03.2026,Tunis,https://www.automobile.tn/fr/occasion/volvo/ex30/122679,ex30
citroen,c3,2021.0,diesel,148000.0,manual,5 CV,,citadine,very good,standard,5 seats,5 doors,used,44800,2026-03,5.0,5.0,,148000.0,5.0,29600.0,2,citroen_citadine,,Blanc,Noir,1ère main,31.03.2026,Nabeul,https://www.automobile.tn/fr/occasion/citroen/c3/123434,c3
mercedes,eqa,2022.0,electrique,39000.0,automatic,8 CV,,suv,very good,standard,5 seats,5 doors,used,119000,2026-03,5.0,5.0,,39000.0,4.0,9750.0,2,mercedes_suv,,Blanc,Noir,1ère main,31.03.2026,Nabeul,https://www.automobile.tn/fr/occasion/mercedes-benz/eqa/121302,eqa
porsche,panamera,2010.0,gasoline,78000.0,automatic,21 CV,3598.0,berline,very good,standard,4 seats,4 doors,used,129000,2026-03,4.0,4.0,3598.0,78000.0,16.0,4875.0,4,porsche_berline,,Noir,Beige,1ère main,31.03.2026,Tunis,https://www.automobile.tn/fr/occasion/porsche/panamera/123223,panamera
mercedes,classe a,2022.0,gasoline,78000.0,automatic,8 CV,,compacte,very good,standard,5 seats,5 doors,used,109000,2026-03,5.0,5.0,,78000.0,4.0,19500.0,2,mercedes_compacte,,Noir,Noir,1ère main,31.03.2026,Nabeul,https://www.automobile.tn/fr/occasion/mercedes-benz/classe-a/122751,classe a
renault,clio,2020.0,gasoline,72895.0,manual,4 CV,1149.0,citadine,very good,standard,5 seats,5 doors,used,44800,2026-03,5.0,5.0,1149.0,72895.0,6.0,12149.166666666666,2,renault_citadine,,Noir,Noir,1ère main,31.03.2026,Ben Arous,https://www.automobile.tn/fr/occasion/renault/clio/124919,clio
volkswagen,golf 7,2020.0,gasoline,132000.0,automatic,6 CV,1197.0,compacte,very good,standard,5 seats,5 doors,used,69000,2026-03,5.0,5.0,1197.0,132000.0,6.0,22000.0,2,volkswagen_compacte,,Noir,Noir,1ère main,31.03.2026,Tunis,https://www.automobile.tn/fr/occasion/volkswagen/golf-7/119033,golf 7
bmw,série 1,2013.0,gasoline,180000.0,manual,7 CV,1598.0,compacte,very good,standard,5 seats,5 doors,used,43000,2026-03,5.0,5.0,1598.0,180000.0,13.0,13846.153846153846,3,bmw_compacte,,Noir,Beige,1ère main,31.03.2026,Tunis,https://www.automobile.tn/fr/occasion/bmw/serie-1-5p/120514,série 1
volkswagen,polo,2022.0,gasoline,113000.0,manual,4 CV,999.0,citadine,very good,standard,5 seats,5 doors,used,56500,2026-03,5.0,5.0,999.0,113000.0,4.0,28250.0,2,volkswagen_citadine,,Orange,Noir,1ère main,31.03.2026,Tunis,https://www.automobile.tn/fr/occasion/volkswagen/polo/124235,polo
peugeot,308,2021.0,diesel,168000.0,manual,5 CV,,compacte,very good,standard,5 seats,5 doors,used,49800,2026-03,5.0,5.0,,168000.0,5.0,33600.0,2,peugeot_compacte,,Blanc,Noir,1ère main,31.03.2026,Nabeul,https://www.automobile.tn/fr/occasion/peugeot/308/120175,308
audi,a3 berline,2019.0,gasoline,178000.0,automatic,6 CV,1197.0,berline,very good,standard,5 seats,4 doors,used,69000,2026-03,5.0,4.0,1197.0,178000.0,7.0,25428.571428571428,2,audi_berline,,Noir,Beige,1ère main,31.03.2026,Tunis,https://www.automobile.tn/fr/occasion/audi/a3-berline/116712,a3
citroen,jumpy combi,2020.0,diesel,160000.0,manual,6 CV,,monospace,very good,standard,9 seats,4 doors,used,78000,2026-03,9.0,4.0,,160000.0,6.0,26666.666666666668,2,citroen_monospace,,Noir,Noir,1ère main,31.03.2026,Tunis,https://www.automobile.tn/fr/occasion/citroen/jumpy-combi/118197,jumpy
peugeot,308,2017.0,gasoline,150000.0,manual,5 CV,1199.0,compacte,very good,standard,5 seats,5 doors,used,38000,2026-03,5.0,5.0,1199.0,150000.0,9.0,16666.666666666668,3,peugeot_compacte,,Gris anthracite,Noir,1ère main,31.03.2026,Monastir,https://www.automobile.tn/fr/occasion/peugeot/308/124920,308
mercedes,classe a,2021.0,gasoline,80000.0,automatic,8 CV,1332.0,compacte,very good,standard,5 seats,5 doors,used,119000,2026-03,5.0,5.0,1332.0,80000.0,5.0,16000.0,2,mercedes_compacte,,Blanc,Noir,1ère main,31.03.2026,Nabeul,https://www.automobile.tn/fr/occasion/mercedes-benz/classe-a/115444,classe a
volkswagen,golf 7,2018.0,diesel,170000.0,automatic,6 CV,,compacte,very good,standard,5 seats,5 doors,used,74000,2026-03,5.0,5.0,,170000.0,8.0,21250.0,2,volkswagen_compacte,,Noir,Gris,1ère main,31.03.2026,Tunis,https://www.automobile.tn/fr/occasion/volkswagen/golf-7/121251,golf 7
citroen,c3,2021.0,gasoline,64000.0,manual,4 CV,,citadine,very good,standard,5 seats,5 doors,used,37500,2026-03,5.0,5.0,,64000.0,5.0,12800.0,2,citroen_citadine,,Gris Shark,Noir,1ère main,31.03.2026,Nabeul,https://www.automobile.tn/fr/occasion/citroen/c3/123611,c3
suzuki,baleno,2018.0,gasoline,89000.0,automatic,5 CV,1373.0,compacte,very good,standard,5 seats,5 doors,used,39000,2026-03,5.0,5.0,1373.0,89000.0,8.0,11125.0,2,suzuki_compacte,,Bleu,Noir,1ère main,31.03.2026,Tunis,https://www.automobile.tn/fr/occasion/suzuki/baleno/121253,baleno
land rover,range rover evoque,2022.0,gasoline,98000.0,automatic,11 CV,,suv,very good,standard,5 seats,5 doors,used,169000,2026-03,5.0,5.0,,98000.0,4.0,24500.0,2,land rover_suv,,Bleu,Noir,1ère main,31.03.2026,Nabeul,https://www.automobile.tn/fr/occasion/land-rover/range-rover-evoque/117303,range rover evoque
mercedes,ml,2011.0,diesel,253000.0,automatic,15 CV,,suv,very good,standard,5 seats,5 doors,used,67000,2026-03,5.0,5.0,,253000.0,15.0,16866.666666666668,3,mercedes_suv,,Noir,Beige,1ère main,31.03.2026,Tunis,https://www.automobile.tn/fr/occasion/mercedes-benz/ml/120859,ml
volkswagen,amarok,2017.0,diesel,145000.0,automatic,7 CV,2000.0,pick up,very good,standard,5 seats,4 doors,used,110000,2026-03,5.0,4.0,2000.0,145000.0,9.0,16111.111111111111,3,volkswagen_pick_up,,Noir,Noir,1ère main,31.03.2026,Sfax,https://www.automobile.tn/fr/occasion/volkswagen/amarok/116625,amarok
suzuki,celerio,2022.0,gasoline,70000.0,automatic,4 CV,998.0,citadine,very good,standard,5 seats,5 doors,used,39500,2026-03,5.0,5.0,998.0,70000.0,4.0,17500.0,2,suzuki_citadine,,Bleu,Noir,1ère main,31.03.2026,Tunis,https://www.automobile.tn/fr/occasion/suzuki/celerio/124153,celerio
kia,sportage,2023.0,gasoline,30000.0,automatic,10 CV,1598.0,suv,very good,standard,5 seats,5 doors,used,125000,2026-03,5.0,5.0,1598.0,30000.0,3.0,10000.0,1,kia_suv,,Noir,Noir,1ère main,31.03.2026,Tunis,https://www.automobile.tn/fr/occasion/kia/sportage/124336,sportage
skoda,octavia,2018.0,gasoline,130000.0,automatic,8 CV,1395.0,berline,very good,standard,5 seats,4 doors,used,49500,2026-03,5.0,4.0,1395.0,130000.0,8.0,16250.0,2,skoda_berline,,Beige,Noir,1ère main,31.03.2026,Ben Arous,https://www.automobile.tn/fr/occasion/skoda/octavia/121939,octavia
mercedes,classe s,2010.0,gasoline,165000.0,automatic,18 CV,3498.0,berline,very good,standard,5 seats,4 doors,used,99000,2026-03,5.0,4.0,3498.0,165000.0,16.0,10312.5,4,mercedes_berline,,Noir,Noir,2ème main,31.03.2026,Tunis,https://www.automobile.tn/fr/occasion/mercedes-benz/classe-s/103089,classe s
ds,4 crossback,2018.0,gasoline,178000.0,automatic,9 CV,,citadine,very good,standard,5 seats,5 doors,used,45000,2026-03,5.0,5.0,,178000.0,8.0,22250.0,2,ds_citadine,,Blanc,Marron,1ère main,31.03.2026,Nabeul,https://www.automobile.tn/fr/occasion/ds/4-crossback/123646,4 crossback
cupra,terramar,2025.0,gasoline,16000.0,automatic,9 CV,2000.0,suv,very good,standard,5 seats,4 doors,used,150000,2026-03,5.0,4.0,2000.0,16000.0,1.0,16000.0,1,cupra_suv,,Gris Shark,Noir,1ère main,31.03.2026,Ben Arous,https://www.automobile.tn/fr/occasion/cupra/terramar/121907,terramar
land rover,range rover evoque,2016.0,diesel,160000.0,automatic,10 CV,1998.0,suv,very good,standard,5 seats,5 doors,used,92000,2026-03,5.0,5.0,1998.0,160000.0,10.0,16000.0,3,land rover_suv,,Blanc,Noir,2ème main,31.03.2026,Tunis,https://www.automobile.tn/fr/occasion/land-rover/range-rover-evoque/106073,range rover evoque
chevrolet,groove,2022.0,gasoline,58000.0,automatic,6 CV,1485.0,suv,very good,standard,5 seats,5 doors,used,65000,2026-03,5.0,5.0,1485.0,58000.0,4.0,14500.0,2,chevrolet_suv,,Blanc,Noir,1ère main,31.03.2026,Tunis,https://www.automobile.tn/fr/occasion/chevrolet/groove/120528,groove
volkswagen,amarok,2021.0,diesel,86000.0,automatic,7 CV,1968.0,pick up,very good,standard,5 seats,4 doors,used,135000,2026-03,5.0,4.0,1968.0,86000.0,5.0,17200.0,2,volkswagen_pick_up,,Beige,Gris,1ère main,31.03.2026,Tunis,https://www.automobile.tn/fr/occasion/volkswagen/amarok/124531,amarok
land rover,range rover evoque,2020.0,diesel,110000.0,automatic,8 CV,1999.0,suv,very good,standard,5 seats,4 doors,used,169000,2026-03,5.0,4.0,1999.0,110000.0,6.0,18333.333333333332,2,land rover_suv,,Blanc,Noir,1ère main,31.03.2026,Ben Arous,https://www.automobile.tn/fr/occasion/land-rover/range-rover-evoque/121903,range rover evoque
mercedes,cla,2021.0,gasoline,85000.0,automatic,7 CV,1332.0,berline,very good,standard,5 seats,4 doors,used,117000,2026-03,5.0,4.0,1332.0,85000.0,5.0,17000.0,2,cla,,Noir,Noir,1ère main,31.03.2026,Tunis,https://www.automobile.tn/fr/occasion/mercedes-benz/cla/119568,cla
audi,q3,2020.0,gasoline,110000.0,automatic,9 CV,1498.0,suv,very good,standard,5 seats,5 doors,used,115000,2026-03,5.0,5.0,1498.0,110000.0,6.0,18333.333333333332,2,audi_suv,,Gris anthracite,Gris,1ère main,31.03.2026,Tunis,https://www.automobile.tn/fr/occasion/audi/q3/122677,q3
mercedes,classe c,2014.0,gasoline,170000.0,automatic,9 CV,1600.0,berline,very good,standard,5 seats,4 doors,used,80000,2026-03,5.0,4.0,1600.0,170000.0,12.0,14166.666666666666,3,mercedes_berline,,Gris Shark,Noir,1ère main,31.03.2026,Sfax,https://www.automobile.tn/fr/occasion/mercedes-benz/classe-c/122260,classe c
